-- phpMyAdmin SQL Dump
-- version 5.2.0
-- https://www.phpmyadmin.net/
--
-- Host: 127.0.0.1
-- Generation Time: Apr 12, 2024 at 06:43 PM
-- Server version: 10.4.24-MariaDB
-- PHP Version: 8.1.6
CREATE DATABASE IF NOT EXISTS dentistry_db;
USE dentistry_db;
SET SQL_MODE = "NO_AUTO_VALUE_ON_ZERO";
START TRANSACTION;
SET time_zone = "+00:00";


/*!40101 SET @OLD_CHARACTER_SET_CLIENT=@@CHARACTER_SET_CLIENT */;
/*!40101 SET @OLD_CHARACTER_SET_RESULTS=@@CHARACTER_SET_RESULTS */;
/*!40101 SET @OLD_COLLATION_CONNECTION=@@COLLATION_CONNECTION */;
/*!40101 SET NAMES utf8mb4 */;

--
-- Database: `dentistry_db`
--

-- --------------------------------------------------------

--
-- Table structure for table `appointments`
--

CREATE TABLE `appointments` (
  `apt_ID` int(128) NOT NULL,
  `cli_ID` int(128) NOT NULL,
  `pat_ID` int(128) NOT NULL,
  `service_ID` int(11) DEFAULT NULL,
  `installment` int(2) DEFAULT 1,
  `round` int(2) NOT NULL DEFAULT 1,
  `discount` double(12,2) DEFAULT 0.00,
  `total_fee` decimal(12,2) DEFAULT 0.00,
  `meet_date` datetime DEFAULT NULL,
  `staff_ID` int(128) DEFAULT NULL,
  `status` varchar(64) DEFAULT NULL,
  `notification` varchar(64) DEFAULT NULL,
  `details` varchar(128) DEFAULT NULL
) ENGINE=InnoDB DEFAULT CHARSET=utf8mb4;

--
-- Dumping data for table `appointments`
--

INSERT INTO `appointments` (`apt_ID`, `cli_ID`, `pat_ID`, `service_ID`, `installment`, `round`, `discount`, `total_fee`, `meet_date`, `staff_ID`, `status`, `notification`, `details`) VALUES
(190, 0, 120, 5, 0, 1, 0.00, '2000.00', '2024-04-05 08:54:00', NULL, NULL, NULL, NULL),
(191, 0, 121, 1, 2, 1, 0.00, '700.00', '2024-04-05 09:58:00', NULL, NULL, NULL, NULL),
(192, 0, 122, 1, 1, 1, 0.00, '0.00', '2024-04-05 11:00:00', NULL, 'Pending', '30 Minutes', NULL);

-- --------------------------------------------------------

--
-- Table structure for table `clinics`
--

CREATE TABLE `clinics` (
  `cli_ID` int(128) NOT NULL,
  `cli_logo` varchar(128) DEFAULT 'logo.png',
  `cli_name` varchar(64) NOT NULL,
  `open_date` date DEFAULT NULL,
  `cli_addr` varchar(64) DEFAULT NULL,
  `founder` varchar(64) DEFAULT NULL
) ENGINE=InnoDB DEFAULT CHARSET=utf8mb4;

--
-- Dumping data for table `clinics`
--

INSERT INTO `clinics` (`cli_ID`, `cli_logo`, `cli_name`, `open_date`, `cli_addr`, `founder`) VALUES
(1, 'logo.png', 'testing', NULL, NULL, NULL);

-- --------------------------------------------------------

--
-- Table structure for table `conditions`
--

CREATE TABLE `conditions` (
  `cond_ID` int(11) NOT NULL,
  `name` varchar(256) NOT NULL
) ENGINE=InnoDB DEFAULT CHARSET=utf8mb4;

--
-- Dumping data for table `conditions`
--

INSERT INTO `conditions` (`cond_ID`, `name`) VALUES
(43, 'آیا دخانیات مصرف میکنید؟'),
(44, 'آیا حمل دارید؟'),
(45, 'آیا امراض قلبی و یا شکر دارید؟'),
(46, 'گاهی احساس گیجی میکنید؟'),
(47, 'آیا دچار فشار خون و یا پایین است؟'),
(48, 'آیا بیماری جلدی دارید؟'),
(49, 'آیا حساسیت در مقابل بعضی داروها دارید؟');

-- --------------------------------------------------------

--
-- Table structure for table `condition_details`
--

CREATE TABLE `condition_details` (
  `cond_detail_ID` int(128) NOT NULL,
  `cond_ID` int(11) DEFAULT NULL,
  `result` tinyint(1) NOT NULL DEFAULT 0,
  `severty` varchar(64) DEFAULT NULL,
  `duration` varchar(64) DEFAULT NULL,
  `diagnosis_date` date DEFAULT NULL,
  `pat_ID` int(128) DEFAULT NULL,
  `notes` varchar(128) DEFAULT NULL
) ENGINE=InnoDB DEFAULT CHARSET=utf8mb4;

--
-- Dumping data for table `condition_details`
--

INSERT INTO `condition_details` (`cond_detail_ID`, `cond_ID`, `result`, `severty`, `duration`, `diagnosis_date`, `pat_ID`, `notes`) VALUES
(490, 43, 0, NULL, NULL, NULL, 120, NULL),
(491, 44, 0, NULL, NULL, NULL, 120, NULL),
(492, 45, 0, NULL, NULL, NULL, 120, NULL),
(493, 46, 1, NULL, NULL, NULL, 120, NULL),
(494, 47, 0, NULL, NULL, NULL, 120, NULL),
(495, 48, 0, NULL, NULL, NULL, 120, NULL),
(496, 49, 0, NULL, NULL, NULL, 120, NULL),
(497, 43, 0, NULL, NULL, NULL, 121, NULL),
(498, 44, 0, NULL, NULL, NULL, 121, NULL),
(499, 45, 0, NULL, NULL, NULL, 121, NULL),
(500, 46, 0, NULL, NULL, NULL, 121, NULL),
(501, 47, 1, 'متوسط', '1 ماه', '2024-04-04', 121, NULL),
(502, 48, 0, NULL, NULL, NULL, 121, NULL),
(503, 49, 0, NULL, NULL, NULL, 121, NULL);

-- --------------------------------------------------------

--
-- Table structure for table `expenses`
--

CREATE TABLE `expenses` (
  `exp_ID` int(128) NOT NULL,
  `cli_ID` int(128) NOT NULL,
  `exp_name` varchar(64) NOT NULL
) ENGINE=InnoDB DEFAULT CHARSET=utf8mb4;

--
-- Dumping data for table `expenses`
--

INSERT INTO `expenses` (`exp_ID`, `cli_ID`, `exp_name`) VALUES
(5, 0, 'تجهیزات کلینیک'),
(6, 0, 'خوراک'),
(7, 0, 'نیازهای صحی'),
(10, 0, 'مصارف شهرداری');

-- --------------------------------------------------------

--
-- Table structure for table `expense_detail`
--

CREATE TABLE `expense_detail` (
  `exp_detail_ID` int(128) NOT NULL,
  `exp_ID` int(128) NOT NULL,
  `cli_ID` int(128) NOT NULL,
  `purchased_by` int(128) NOT NULL,
  `item_name` varchar(64) NOT NULL,
  `quantity` double(12,2) NOT NULL,
  `qty_unit` varchar(64) DEFAULT NULL,
  `unit_price` decimal(6,2) NOT NULL,
  `total` decimal(12,2) NOT NULL,
  `purchase_date` date NOT NULL,
  `invoice` varchar(128) DEFAULT NULL,
  `note` varchar(128) DEFAULT NULL
) ENGINE=InnoDB DEFAULT CHARSET=utf8mb4;

-- --------------------------------------------------------

--
-- Table structure for table `fee_payments`
--

CREATE TABLE `fee_payments` (
  `payment_ID` int(11) NOT NULL,
  `installment_counter` int(11) DEFAULT 1,
  `payment_date` datetime NOT NULL,
  `paid_amount` decimal(12,2) NOT NULL DEFAULT 0.00,
  `due_amount` decimal(12,2) DEFAULT 0.00,
  `whole_fee_paid` tinyint(1) DEFAULT 0,
  `staff_ID` int(11) DEFAULT NULL,
  `apt_ID` int(11) DEFAULT NULL
) ENGINE=InnoDB DEFAULT CHARSET=utf8mb4;

-- --------------------------------------------------------

--
-- Table structure for table `patients`
--

CREATE TABLE `patients` (
  `pat_ID` int(128) NOT NULL,
  `cli_ID` int(128) NOT NULL,
  `staff_ID` int(128) DEFAULT NULL,
  `firstname` varchar(64) NOT NULL,
  `lastname` varchar(64) DEFAULT NULL,
  `sex` varchar(6) NOT NULL DEFAULT 'Male',
  `age` int(3) NOT NULL,
  `marital_status` varchar(16) DEFAULT NULL,
  `phone` varchar(12) DEFAULT NULL,
  `reg_date` timestamp NOT NULL DEFAULT current_timestamp() ON UPDATE current_timestamp(),
  `blood_group` varchar(12) DEFAULT NULL,
  `address` varchar(128) DEFAULT NULL,
  `photo` mediumblob DEFAULT NULL
) ENGINE=InnoDB DEFAULT CHARSET=utf8mb4;

--
-- Dumping data for table `patients`
--

INSERT INTO `patients` (`pat_ID`, `cli_ID`, `staff_ID`, `firstname`, `lastname`, `sex`, `age`, `marital_status`, `phone`, `reg_date`, `blood_group`, `address`, `photo`) VALUES
(120, 0, NULL, 'محمود', 'احمدی', 'مرد', 30, 'متأهل', '۰۷۷۳۰۰۲۳۲۱', '2024-04-05 00:25:10', 'نامعلوم', 'کابل، افغانستان', NULL),
(121, 0, NULL, 'مریم', 'احمدی', 'زن', 14, 'مجرد', '۰۷۷۷۰۰۱۲۳۲', '2024-04-05 05:30:16', 'نامعلوم', '', NULL),
(122, 0, NULL, 'Habib', NULL, 'مرد', 40, 'مجرد', '0772323823', '2024-04-05 07:11:36', 'B-', NULL, NULL);

-- --------------------------------------------------------

--
-- Table structure for table `patient_services`
--

CREATE TABLE `patient_services` (
  `apt_ID` int(11) NOT NULL,
  `pat_ID` int(11) NOT NULL,
  `ser_ID` int(11) NOT NULL,
  `req_ID` int(11) NOT NULL,
  `value` varchar(128) DEFAULT NULL
) ENGINE=InnoDB DEFAULT CHARSET=utf8mb4;

--
-- Dumping data for table `patient_services`
--

INSERT INTO `patient_services` (`apt_ID`, `pat_ID`, `ser_ID`, `req_ID`, `value`) VALUES
(190, 120, 5, 2, ''),
(190, 120, 5, 7, 'بستن دیاستم وسطی'),
(191, 121, 1, 1, 'Q1-2'),
(191, 121, 1, 2, '');

-- --------------------------------------------------------

--
-- Table structure for table `patient_xrays`
--

CREATE TABLE `patient_xrays` (
  `xray_ID` int(11) NOT NULL,
  `pat_ID` int(11) NOT NULL,
  `xray_name` varchar(128) NOT NULL,
  `xray_type` varchar(64) NOT NULL,
  `reg_date` date NOT NULL,
  `description` tinytext DEFAULT NULL
) ENGINE=InnoDB DEFAULT CHARSET=utf8mb4;

-- --------------------------------------------------------

--
-- Table structure for table `retreatments`
--

CREATE TABLE `retreatments` (
  `retreat_ID` int(11) NOT NULL,
  `apt_ID` int(11) DEFAULT NULL,
  `pat_ID` int(11) DEFAULT NULL,
  `help_service_ID` int(11) DEFAULT NULL,
  `damage_service_ID` int(11) DEFAULT NULL,
  `staff_ID` int(11) DEFAULT NULL,
  `retreat_date` datetime NOT NULL,
  `retreat_cost` decimal(12,2) DEFAULT 0.00,
  `retreat_reason` varchar(128) NOT NULL,
  `retreat_outcome` varchar(64) NOT NULL,
  `outcome_details` varchar(128) DEFAULT NULL
) ENGINE=InnoDB DEFAULT CHARSET=utf8mb4;

-- --------------------------------------------------------

--
-- Table structure for table `services`
--

CREATE TABLE `services` (
  `ser_ID` int(128) NOT NULL,
  `ser_name` varchar(64) NOT NULL,
  `ser_fee` decimal(10,2) DEFAULT NULL
) ENGINE=InnoDB DEFAULT CHARSET=utf8mb4;

--
-- Dumping data for table `services`
--

INSERT INTO `services` (`ser_ID`, `ser_name`, `ser_fee`) VALUES
(1, 'عصب کشی(R.C.T)', '999.99'),
(2, 'پرکاری(Filling)', '0.00'),
(3, 'Bleaching', '1000.00'),
(4, 'Scaling and Polishing', '0.00'),
(5, 'Orthodontics', '0.00'),
(7, 'Maxillofacial Surgery', '0.00'),
(8, 'Oral Examination', '0.00'),
(9, 'Denture', '0.00'),
(11, 'پوش کردن(Crown)', '0.00'),
(12, 'Flouride Therapy', '0.00'),
(13, 'Night Gaurd Prothesis', '0.00'),
(14, 'Snap-on Smile', '0.00'),
(15, 'Implant', '0.00'),
(16, 'Smile Design Correction', '0.00');

-- --------------------------------------------------------

--
-- Table structure for table `service_requirements`
--

CREATE TABLE `service_requirements` (
  `req_ID` int(11) NOT NULL,
  `req_name` varchar(128) DEFAULT NULL
) ENGINE=InnoDB DEFAULT CHARSET=utf8mb4;

--
-- Dumping data for table `service_requirements`
--

INSERT INTO `service_requirements` (`req_ID`, `req_name`) VALUES
(1, 'Teeth Selection'),
(2, 'Description'),
(3, 'Procedure Type'),
(4, 'Materials'),
(5, 'Bleaching Steps'),
(7, 'Gum Selection'),
(9, 'Affected Area');

-- --------------------------------------------------------

--
-- Table structure for table `staff`
--

CREATE TABLE `staff` (
  `staff_ID` int(128) NOT NULL,
  `firstname` varchar(64) NOT NULL,
  `lastname` varchar(64) NOT NULL,
  `hire_date` date DEFAULT NULL,
  `position` varchar(32) DEFAULT NULL,
  `salary` decimal(12,2) DEFAULT NULL,
  `prepayment` decimal(12,2) DEFAULT NULL,
  `phone` varchar(12) NOT NULL,
  `family_phone1` varchar(12) NOT NULL,
  `tazkira_ID` varchar(16) DEFAULT NULL,
  `photo` mediumblob DEFAULT NULL,
  `contract_file` mediumblob DEFAULT NULL,
  `address` varchar(128) DEFAULT NULL,
  `family_phone2` varchar(10) DEFAULT NULL,
  `file_type` varchar(16) DEFAULT NULL
) ENGINE=InnoDB DEFAULT CHARSET=utf8mb4;

--
-- Dumping data for table `staff`
--

INSERT INTO `staff` (`staff_ID`, `firstname`, `lastname`, `hire_date`, `position`, `salary`, `prepayment`, `phone`, `family_phone1`, `tazkira_ID`, `photo`, `contract_file`, `address`, `family_phone2`, `file_type`) VALUES
(44, 'اسحاق', 'پناهی', '2020-04-01', 'داکتر دندان', '50000.00', '0.00', '0749628911', '0749628912', '', NULL, 0x89504e470d0a1a0a0000000d49484452000004bc000002e4080600000005d22c9a000000017352474200aece1ce90000000467414d410000b18f0bfc6105000000097048597300001d8700001d87018fe5f16500001d8c49444154785eedddffab64f75dc7f1b9bb7777bbb522256e6bb54852b491c42f598d145b2c1a7f317e6940ca8a75d5681794122bf89bf8e527b1bf48f40f4883ad16da6285154411e397d26010d4560d248a048a4ba45b54484292d9dd7bcd643fc39dcc9c3373cecc999933af793ce0b2ef7bef99cf39333f0dcffb99b307c3e1f0780000000000214e957f010000002082e0050000004014c10b000000802882170000000051042f00000000a2085e000000004411bc00000000882278010000001045f002000000208ae0050000004014c10b000000802882170000000051042f00000000a2085e000000004411bc00000000882278010000001045f002000000208ae0050000004014c10b000000802882170000000051042f00000000a2085e000000004411bc00000000882278010000001045f002000000208ae0050000004014c10b000000802882170000000051042f00000000a2085e000000004411bc00000000882278010000001045f002000000208ae0050000004014c10b000000802882170000000051042f00000000a2085e000000004411bc00000000882278010000001045f002000000208ae0050000004014c10b000000802882170000000051042f00000000a2085e000000004411bc00000000882278010000001045f002000000208ae0050000004014c10b000000802882170000000051042f00000000a2085e000000004411bc00000000882278010000001045f002000000208ae0050000004014c10b000000802882170000000051042f00000000a2085e000000004411bc00000000882278010000001045f002000000208ae0050000004014c10b000000802882170000000051042f00000000a2085e000000004411bc00000000882278010000001045f002000000208ae0050000004014c10b000000802882170000000051042f00000000a2085e000000004411bc00000000882278010000001045f002000000208ae0050000004014c10b000000802882170000000051042f00000000a2085e000000004411bc00000000882278010000001045f002000000208ae0050000004014c10b000000802882170000000051042f00000000a2085e000000004411bc00000000882278010000001045f002000000208ae0050000004014c10b000000802882170000000051042f00000000a2085e000000004411bc00000000882278010000001045f002000000208ae0050000004014c10b000000802882170000000051042f00000000a2085e000000004411bc00000000882278010000001045f002000000208ae0050000004014c10b000000802882170000000051042f00000000a2085e000000004411bc00000000882278010000001045f002000000208ae0050000004014c10b000000802882170000000051042f00000000a2085e000000004411bc00000000882278010000001045f002000000208ae0050000004014c10b000000802882170000000051042f00000000a2085e000000004411bc00000000882278010000001045f002000000208ae0050000004014c10b000000802882170000000051042f00000000a2085e000000004411bc00000000882278010000001045f002000000208ae0050000004014c10b000000802882170000000051042f00000000a2085e000000004411bc00000000882278010000001045f002000000208ae0050000004014c10b000000802882170000000051042f00000000a2085e000000004411bc00000000882278010000001045f002000000208ae0050000004014c10b000000802882170000000051042f00000000a2085e000000004411bc00000000882278010000001045f002000000208ae0050000004014c10b000000802882170000000051042f00000000a2085e000000004411bc00000000882278010000001045f002000000208ae0050000004014c10b000000802882170000000051042f00000000a2085e000000004411bc00000000882278010000001045f002000000208ae0050000004014c10b000000802882170000000051042f00000000a2085e000000004411bc00000000882278010000001045f002000000208ae0050000004014c10b000000802882170000000051042f00000000a2085e000000004411bc00000000882278010000001045f002000000208ae0050000004014c10b000000802882170000000051042f00000000a2085e000000004411bc00000000882278010000001045f002000000208ae0050000004014c10b000000802882170000000051042f00000000a2085e000000004411bc00000000882278010000001045f002000000208ae0050000004014c10b000000802882170000000051042f00000000a2085e000000004411bc00000000882278010000001045f002000000208ae0050000004014c10b000000802882170000000051042f00000000a2085e000000004411bc00000000882278010000001045f002000000208ae0050000004014c10b000000802807c3e1f0b8cc00003474f763af96e98d9ebd72ae4c00006c8be00500d0425de89a267c01006c8f8f34020034d434768db4391600806e095e00000d2c13b0442f0080ed10bc0000567450feadf2d75f3e2a1300009be21e5e00000bd4edd49abe4f57d3e30000582f3bbc0000e66813b1eac2968f3602006c96e0050050e3bb3fd17ec796e80500b07d821700408d976e940100809d227801005458e57e5c767901006c979bd6030011e6c5a426916a5ad57a6dd7e9628d91ae9f1b00403a3bbc00809db768e7d4a2df4f6b7b7c1b5d5fcbe8f75ffaca51f90e008011c10b00d8694d0352d3e3fef8df6f95e98d96d94955f798aeaff9d29fbad91800c024c10b00d8594d83d05893e37ffdf337cbb45deb786e0000fb42f0020076d2bcc0f35bef3d2cd3ac798fabfbdd2af7c95a6697d7bcdfcdbb96798f0300d827821700106514847efa9ed32b45aa495dacd3f5b58cfefd8defab8f7a0000fb4ef00200764ed39d5875a1a9eaf1dbd81dd5e63aa69fcbcfdc7bba4c6fb48de70100d03782170010a12e6ed5fdbc89551e3b6d1dd7d1e5f501002411bc0080bd34b9136a9bbba2d6711d1ff89361990000f693e00500ec94aa28b468a7d3323ba1d6b17baa6ecd6ffb787de85ae6b93dfb3fc7650200d84f821700b0d7b6b9bb6bec589f0200e894e00500ecadbad8b58edd5d63756bf721bc0100a410bc0080bdd03462ad33768df5e95a000012095e00c0ce58e6fe5dfba0ea35b0630c00d86782170040b1c97826d40100ac8fe00500ec8d5d8a4c821800c0f2042f0080d76c2330895a0000eb2178010004f8d5fb0fcb74e25faf1f95090060bf085e00c04ee8ea86f57ddb5555773d6d6f3aff8bf79d2ed3890f5ebd51260080fd227801006cd9171ff6d14600802e095e00c05e98dc3155b5abaaed8eaa2e9d9ffd34e2ebb6794d0000bb4cf00200d8929b13b7d872037b0080ee085e00c04efade77347f1bd374a7d42677548dce75efe38bcfd7e69a3efbd099320100ec37c10b00e8bdaae8f3473fda3eee4caed3971d555d5ed3775d987d6bd726980100a410bc0080686d83cfaf3cd1bfffd950b402006847f0020062bd7cb30c137ee833c33255efa8fa8be7266eacb526d301abc92e2fd10b00a039c10b008875df1fcc46a2ff7ae1b84c0000a412bc008048753ba2a677503df8aed3653ab1cedd54556b1f1c94a1586597d73bbf766a3100803d24780100bd56157996bdb9fbbffcfcece37eff81c332bdd17ffcefe676823df3e1d9eb7a66c9e7f8c44f9e2dd38975063c00803e12bc0080387581e7dcec66ae5a3ff6b9937b7d75a54d78aadba7255e01002c267801007b61deaeb04ddc28be6ead65ae0b0080f9042f0020cab291ea730f9d29d3e6fcde03cb9dd32e2f0080f9042f00205e939d52df7ea1fa6d511771a96e8d1f79d7e2b76276790100b427780100bdf5d597676f1cff773f357b53f6b155e3d43a3eda58f7d85543d6bc6baa5afb81cf747f4f320080be12bc0080de7adfa76623cd377c4dddeddcab25ec90aa7b0ef77fb27988bbf6c2e6fed74900806d13bc008008abeeee1aeb7297d7ba76778dbd60d316004025c10b00d87997ae56979f65c35217d1abebd8d56588030048277801003bef4bd7673faef7e3dfb2dadb9cbfadb957d82830cd8b4cf37eff850fd5df7fac89559f1300c0bef0ae0900d8697571e9777fe04c9996f38e05f70a9b0e5bf342d7d88537b7bbffd8b4bae75475dec77e78b5e70f00b0cb042f00a097aa224ed38f032efbb1c1694dd66912ba4636794d23dfffced9b7794dae13002081e00500ecac4d049c5160baf8b6e5df329d3fec2e76cd236601009c10bc008028eb884b9ffec099a5d61d3de68b0f777f3d9b08680000bb4cf0020076d2367634b5094ddb885276790100dc267801003136119946e798fc1aabfbf9bad49de38561190000f698e00500f4ce3d8fcfee54fab5f71c96a95f3b993615b89abaff9327af4dd575d9050600ec03c10b00e89d5b476598f0f0779c2e53b53e45a74da97bceeffb946d5e00c07e13bc00809d6287d2625f7df9b84c0000fb49f0020076de3eeeee1aab7bee9ff8b79b650200d83f821700b033eceeaa7658f18eee779eba55260080fd237801003b6d9f77778d3dfd0b5e03008049821700d02bbff985d98fe28da296dd5ded8d5eb3aa20e8b50400d2095e0040af7cf699e61fc5b3bbeb84d70200e084e0050010ecdec7ede60200f68fe00500f45ed547f0ec689a55f59adc3c2a0300c01e11bc0000000088227801003be7ed6f3e2813d3defa26af0d0080e00500ec9ccf7fe86c9998f6d4e566afcddf7cd9671d01805c821700d01b55f7ea623d7ee92f6f940900208fe0050000004014c10b00d829fe77c6c5bc4600c0be13bc00000000882278010000001045f002000000208ae0050000004014c10b00d819fff8b36ec6de941bd70300fb4cf0020076c65bce96010000e610bc00000000882278010000001045f002000000208ae0050000004014c10b0000008028821700d01bcf5e3957a66a3ff8e9619958e4c651196a2c7aad010076d9c170383c2e3300c0d6ddfdd8ab65aad6975053779d7dbfbe31c10b004826780100bdd2e750b3e8daa6fdc4bb4f0d3ef6fe33e5bbcd12bc00807d26780100bd332fd66c3ad4b48d5c75fa74dd62170090ce3dbc00809dd255805a64749e2ecfd5f57af36cea3c00007d25780100bdb3ed8f2dae33188dd7ffb3ff5c7057f935b1bb0b00d8073ed20800f4d2a2e8d465b8592670d59dbfcbb596b1c9d70d00a0af042f00a0b7d61d6fdac6a9b6e75bf7fad3c42e0080db042f00a0d79a44a33621a76d841ad974581be9fa39895d00c03e11bc0080de6b1b8cc671e7d66bef72eef978fbd834d675245a267c8d7de4e2e9c147bfe77070b4c47312bb00807d237801003b619558d4c65397cf0edefaa683f2ddfa6ceaf9885d00c03e12bc00809db1ce48b4ad3094f89c0000b64df00200764e9791a82f5128f13901006c8be00500ecacf7fce170f07fafb67f2bd3f720b46cfc12ba00006e13bc008038bffc573706fff0dfc7838fbdff70f0c0379f2a3fdd6dfffc95a3c187fffcc6ebf33ffd9cb00500308fe00500000040948c3f7902000000402178010000001045f002000000208ae0050000004014c10b0000008028821700000000510e86c3e1719901007ae9ecd9b3659af5da7b99323553b556d51af3ce3952f598e3e3e3c1b973e75e9f175dd7e4fa5d1cdbe56b0400b0ebecf002007a6b14711685a726c78cace3b869e3d835d2648db13befbcb34cb32e5dba54a66a4daeb7c931000049ecf002007a699940b3cceea791f1e3563de75d77dd35b876ed5af9aeddf5343d76f2b82e5f2300802476780100bd53177246b166fc55a5ea714dd76a72dc8b2fbe587e7a62f271cf3df75c996eab5b7359972f5f2e53b3ebbd70e142f9e989aeaf0900a08fecf002007a673aca8ce24d9d79c756c59dbab55639e7c8f8f826eb543d7e64fad8796bad72bd0f3ef8e0e0ead5abe53b00803c821700d02b6d42ced8e463968942ab9e73a4eebcd36b4d3f6ed2a263c7bfeffa7a0100d2f8482300d05b2fbdf45299e66b126fba0e3c4dd79b17b8da58f5fa052e00609f085e00406f9d3973a64c8b8d82ce64d45936343dfae8a3656a6799f34d47a8c9359aae27640100cc12bc0000263cf2c823655a5e5d84ea6ab757178e8e8eca04009047f0020058b379a1ab6a97d7c58b17cb77b7d9c50500d08ee005003061d95d58d351ea8e3bee28d36dd3ebce8b584f3ffd749900005886e00500f456d3f8343a6efcb5298bcef5fcf3cf9769b1ebd7af9769d6952b57ca0400405307c3e1f0b8cc00005b571592e6ed869a3e7e7c6cddcfebb439bee935561d37d2e5b18b9ed7a4c9c7bdf2ca2b8353a7fced1300c8e45d0e00d02b4d63d0ad5bb76a235117466b57ad5ff5b3bae8d426460100d01dc10b00e89dbae835f975fefcf9f29b13ab04a6bac74e9f775a5751ab6a9daed60600d837821700d04b6d634f17716813e714b10000d64ff002007aab491cba76ed5ae5714f3ef96499da19add5e4bc4dc355d3e336cdfdbb0080646e5a0f00000040147fda03000000208ae0050000004014c10b000000802882170000000051042f00000000a2085e000000004411bc00000000882278010000001045f002000000208ae0050000004014c10b000000802882170000000051042f00000000a2085e000000004411bc00000000882278010000001045f002000000208ae0050000004014c10b000000802882170000000051042f00000000a2085e000000004411bc00000000882278010000001045f002000000208ae0050000004014c10b000000802882170000000051042f00000000a2085e000000004411bc00000000882278010000001045f002000000208ae0050000004014c10b000000802882170000000051042f00000000a2085e000000004411bc00000000882278010000001045f002000000208ae0050000004014c10b000000802882170000000051042f00000000a2085e000000004411bc00000000882278010000001045f002000000208ae0050000004014c10b000000802882170000000051042f00000000a2085e000000004411bc00000000882278010000001045f002000000208ae0050000004014c10b000000802882170000000051042f00000000a2085e000000004411bc00000000882278010000001045f002000000208ae0050000004014c10b0000008028821700000000510e86c3e171990180257df4899b65ca72cfd71f0cbef382bf8fc13ceffdc6833201007d2178014007ee7eecd5326579e85b0f07777e9de005f37ce43ec10b00fac63b5800000000a2085e000000004411bc00000000882278010000001045f002000000208ae005000000409483e170785c66006049bffdf7b7ca94e59bde7230b8f8767f1f8379ee7b5b190080de10bc0000000088e24fb6000000004411bc00000000882278010000001045f002000000208ae0050000004014c10b000000802882170000000051042f00000000a2085e000000004411bc00000000882278010000001045f002000000208ae0050000004014c10b000000802882170000000051042f00000000a2085e000000004411bc00000000882278010000001045f002000000208ae0050000004014c10b000000802882170000000051042f00000000a2085e000000004411bc00000000882278010000001045f002000000208ae0050000004014c10b000000802882170000000051042f00000000a2085e000000004411bc00000000882278010000001045f002000000208ae0050000004014c10b000000802882170000000051042f00000000a2085e000000004411bc00000000882278010000001045f002000000208ae0050000004014c10b000000802882170000000051042f00000000a2085e000000004411bc00000000882278010000001045f002000000208ae0050000004014c10b000000802882170000000051042f00000000a2085e000000004411bc00000000882278010000001045f002000000208ae0050000004014c10b000000802882170000000051042f00000000a2085e000000004411bc00000000882278010000001045f002000000208ae0050000004014c10b000000802882170000000051042f00000000a2085e000000004411bc00000000882278010000001045f002000000208ae0050000004014c10b000000802882170000000051042f00000000a2085e000000004411bc00000000882278010000001045f002000000208ae0050000004014c10b000000802882170000000051042f00000000a2085e000000004411bc00000000882278010000001045f002000000208ae0050000004014c10b000000802882170000000051042f00000000a2085e000000004411bc00000000882278010000001045f002000000208ae0050000004014c10b000000802882170000000051042f00000000a2085e000000004411bc00000000882278010000001045f002000000208ae0050000004014c10b000000802882170000000051042f00000000a2085e000000004411bc00000000882278010000001045f002000000208ae0050000004014c10b000000802882170000000051042f00000000a2085e000000004411bc00000000882278010000001045f002000000208ae0050000004014c10b000000802882170000000051042f00000000a2085e000000004411bc00000000882278010000001045f002000000208ae0050000004014c10b000000802882170000000051042f00000000a2085e000000004411bc00000000882278010000001045f002000000208ae0050000004014c10b000000802882170000000051042f00000000a2085e000000004411bc00000000882278010000001045f002000000208ae0050000004014c10b000000802882170000000051042f00000000a2085e000000004411bc00000000882278010000001045f002000000208ae0050000004014c10b000000802882170000000051042f00000000a2085e000000004411bc00000000882278010000001045f002000000208ae0050000004014c10b000000802882170000000051042f00000000a2085e000000004411bc00000000882278010000001045f002000000208ae0050000004014c10b000000802882170000000051042f00000000a2085e000000004411bc00000000882278010000001045f002000000208ae0050000004014c10b000000802882170000000051042f00000000a2085e000000004411bc00000000882278010000001045f002000000208ae0050000004014c10b000000802882170000000051042f00000000a2085e000000004411bc00000000882278010000001045f002000000208ae0050000004014c10b000000802882170000000051042f00000000a2085e000000004411bc00000000882278010000001045f002000000208ae0050000004014c10b000000802882170000000051042f00000000a2085e000000004411bc00000000882278010000001045f002000000208ae0050000004014c10b000000802882170000000051042f00000000a2085e000000004411bc00000000882278010000001045f002000000208ae0050000004014c10b000000802882170000000051042f00000000a2085e000000004411bc00000000882278010000001045f002000000208ae0050000004014c10b000000802882170000000051042f00000000a2085e000000004411bc00000000882278010000001045f002000000208ae0050000004014c10b000000802882170000000051042f00000000a2085e000000004411bc00000000882278010000001045f002000000208ae0050000004014c10b000000802882170000000051042f00000000a2085e000000004411bc00000000882278010000001045f002000000208ae0050000004014c10b000000802882170000000051042f00000000a2085e000000004411bc00000000882278010000001045f002000000208ae0050000004014c10b000000802882170000000051042f00000000a2085e000000004411bc00000000882278010000001045f002000000208ae0050000004014c10b000000802882170000000051042f00000000a2085e000000004411bc00000000882278010000001045f002000000208ae0050000004014c10b000000802882170000000051042f00000000a2085e000000004411bc00000000882278010000001045f002000000208ae0050000004014c10b000000802882170000000051042f00000000a2085e000000004411bc00000000882278010000001045f002000000208ae0050000004014c10b000000802882170000000051042f00000000a2085e000000004411bc00000000882278010000001045f002000000208ae0050000004014c10b000000802882170000000051042f00000000a2085e0000000004190cfe1f4b7938bc545de8700000000049454e44ae426082, '', NULL, '.png');

-- --------------------------------------------------------

--
-- Table structure for table `staff_auth`
--

CREATE TABLE `staff_auth` (
  `auth_ID` int(128) NOT NULL,
  `staff_ID` int(11) NOT NULL,
  `username` varchar(64) NOT NULL,
  `password` varchar(64) NOT NULL,
  `role` varchar(32) NOT NULL
) ENGINE=InnoDB DEFAULT CHARSET=utf8mb4;

--
-- Dumping data for table `staff_auth`
--

INSERT INTO `staff_auth` (`auth_ID`, `staff_ID`, `username`, `password`, `role`) VALUES
(33, 44, 'isaac123', '*3E90324ECDFFF4FDA654614D9292EE3BFB992B5E', 'مدیر سیستم');

-- --------------------------------------------------------

--
-- Table structure for table `taxes`
--

CREATE TABLE `taxes` (
  `tax_ID` int(128) NOT NULL,
  `annual_income` double(15,2) NOT NULL,
  `tax_rate` decimal(12,2) DEFAULT NULL,
  `total_annual_tax` decimal(15,2) NOT NULL,
  `TIN` char(10) DEFAULT NULL,
  `tax_for_year` int(64) NOT NULL
) ENGINE=InnoDB DEFAULT CHARSET=utf8mb4;

--
-- Dumping data for table `taxes`
--

INSERT INTO `taxes` (`tax_ID`, `annual_income`, `tax_rate`, `total_annual_tax`, `TIN`, `tax_for_year`) VALUES
(24, 300000.00, '12.00', '36000.00', '1100023232', 1402);

-- --------------------------------------------------------

--
-- Table structure for table `tax_payments`
--

CREATE TABLE `tax_payments` (
  `tax_pay_ID` int(11) NOT NULL,
  `tax_ID` int(11) DEFAULT NULL,
  `paid_date` date NOT NULL,
  `paid_by` int(11) NOT NULL,
  `paid_amount` decimal(12,2) NOT NULL,
  `due_amount` decimal(12,2) NOT NULL,
  `note` mediumtext DEFAULT NULL,
  `modified_at` timestamp NULL DEFAULT current_timestamp() ON UPDATE current_timestamp(),
  `docs` blob DEFAULT NULL
) ENGINE=InnoDB DEFAULT CHARSET=utf8mb4;

--
-- Indexes for dumped tables
--

--
-- Indexes for table `appointments`
--
ALTER TABLE `appointments`
  ADD PRIMARY KEY (`apt_ID`),
  ADD KEY `cli_ID_fk` (`cli_ID`),
  ADD KEY `pat_ID_fk` (`pat_ID`),
  ADD KEY `staff_apt_id_fk` (`staff_ID`),
  ADD KEY `service_apt_id_fk` (`service_ID`);

--
-- Indexes for table `clinics`
--
ALTER TABLE `clinics`
  ADD PRIMARY KEY (`cli_ID`);

--
-- Indexes for table `conditions`
--
ALTER TABLE `conditions`
  ADD PRIMARY KEY (`cond_ID`);

--
-- Indexes for table `condition_details`
--
ALTER TABLE `condition_details`
  ADD PRIMARY KEY (`cond_detail_ID`),
  ADD KEY `conditions_pat_id_fk` (`pat_ID`),
  ADD KEY `condition_detail_id_fk` (`cond_ID`);

--
-- Indexes for table `expenses`
--
ALTER TABLE `expenses`
  ADD PRIMARY KEY (`exp_ID`),
  ADD KEY `cli_ID_fk` (`cli_ID`);

--
-- Indexes for table `expense_detail`
--
ALTER TABLE `expense_detail`
  ADD PRIMARY KEY (`exp_detail_ID`),
  ADD KEY `cli_ID_fk` (`cli_ID`),
  ADD KEY `sdetail_ID_fk` (`purchased_by`),
  ADD KEY `exp_ID_fk` (`exp_ID`);

--
-- Indexes for table `fee_payments`
--
ALTER TABLE `fee_payments`
  ADD PRIMARY KEY (`payment_ID`),
  ADD KEY `appt_pf_id_fk` (`apt_ID`),
  ADD KEY `staff_pf_id_fk` (`staff_ID`);

--
-- Indexes for table `patients`
--
ALTER TABLE `patients`
  ADD PRIMARY KEY (`pat_ID`),
  ADD KEY `cli_ID_fk` (`cli_ID`),
  ADD KEY `sdetail_ID_fk` (`staff_ID`);

--
-- Indexes for table `patient_services`
--
ALTER TABLE `patient_services`
  ADD PRIMARY KEY (`apt_ID`,`pat_ID`,`ser_ID`,`req_ID`),
  ADD KEY `pat_ID` (`pat_ID`),
  ADD KEY `ser_ID` (`ser_ID`),
  ADD KEY `req_ID` (`req_ID`);

--
-- Indexes for table `patient_xrays`
--
ALTER TABLE `patient_xrays`
  ADD PRIMARY KEY (`xray_ID`),
  ADD KEY `xray_pat_id_fk` (`pat_ID`);

--
-- Indexes for table `retreatments`
--
ALTER TABLE `retreatments`
  ADD PRIMARY KEY (`retreat_ID`),
  ADD KEY `appt_retreat_id_fk` (`apt_ID`),
  ADD KEY `service_retreat_id_fk` (`help_service_ID`),
  ADD KEY `pat_retreat_id_fk` (`pat_ID`),
  ADD KEY `staff_retreat_id_fk` (`staff_ID`),
  ADD KEY `damage_service_retreat_id_fk` (`damage_service_ID`);

--
-- Indexes for table `services`
--
ALTER TABLE `services`
  ADD PRIMARY KEY (`ser_ID`);

--
-- Indexes for table `service_requirements`
--
ALTER TABLE `service_requirements`
  ADD PRIMARY KEY (`req_ID`);

--
-- Indexes for table `staff`
--
ALTER TABLE `staff`
  ADD PRIMARY KEY (`staff_ID`);

--
-- Indexes for table `staff_auth`
--
ALTER TABLE `staff_auth`
  ADD PRIMARY KEY (`auth_ID`),
  ADD UNIQUE KEY `staff_ID` (`staff_ID`);

--
-- Indexes for table `taxes`
--
ALTER TABLE `taxes`
  ADD PRIMARY KEY (`tax_ID`);

--
-- Indexes for table `tax_payments`
--
ALTER TABLE `tax_payments`
  ADD PRIMARY KEY (`tax_pay_ID`),
  ADD KEY `taxes_pay_id_fk` (`tax_ID`),
  ADD KEY `staff_tax_pay_id_fk` (`paid_by`);

--
-- AUTO_INCREMENT for dumped tables
--

--
-- AUTO_INCREMENT for table `appointments`
--
ALTER TABLE `appointments`
  MODIFY `apt_ID` int(128) NOT NULL AUTO_INCREMENT, AUTO_INCREMENT=193;

--
-- AUTO_INCREMENT for table `clinics`
--
ALTER TABLE `clinics`
  MODIFY `cli_ID` int(128) NOT NULL AUTO_INCREMENT, AUTO_INCREMENT=2;

--
-- AUTO_INCREMENT for table `conditions`
--
ALTER TABLE `conditions`
  MODIFY `cond_ID` int(11) NOT NULL AUTO_INCREMENT, AUTO_INCREMENT=50;

--
-- AUTO_INCREMENT for table `condition_details`
--
ALTER TABLE `condition_details`
  MODIFY `cond_detail_ID` int(128) NOT NULL AUTO_INCREMENT, AUTO_INCREMENT=504;

--
-- AUTO_INCREMENT for table `expenses`
--
ALTER TABLE `expenses`
  MODIFY `exp_ID` int(128) NOT NULL AUTO_INCREMENT, AUTO_INCREMENT=11;

--
-- AUTO_INCREMENT for table `expense_detail`
--
ALTER TABLE `expense_detail`
  MODIFY `exp_detail_ID` int(128) NOT NULL AUTO_INCREMENT, AUTO_INCREMENT=22;

--
-- AUTO_INCREMENT for table `fee_payments`
--
ALTER TABLE `fee_payments`
  MODIFY `payment_ID` int(11) NOT NULL AUTO_INCREMENT, AUTO_INCREMENT=75;

--
-- AUTO_INCREMENT for table `patients`
--
ALTER TABLE `patients`
  MODIFY `pat_ID` int(128) NOT NULL AUTO_INCREMENT, AUTO_INCREMENT=123;

--
-- AUTO_INCREMENT for table `patient_xrays`
--
ALTER TABLE `patient_xrays`
  MODIFY `xray_ID` int(11) NOT NULL AUTO_INCREMENT, AUTO_INCREMENT=37;

--
-- AUTO_INCREMENT for table `retreatments`
--
ALTER TABLE `retreatments`
  MODIFY `retreat_ID` int(11) NOT NULL AUTO_INCREMENT, AUTO_INCREMENT=17;

--
-- AUTO_INCREMENT for table `services`
--
ALTER TABLE `services`
  MODIFY `ser_ID` int(128) NOT NULL AUTO_INCREMENT, AUTO_INCREMENT=19;

--
-- AUTO_INCREMENT for table `service_requirements`
--
ALTER TABLE `service_requirements`
  MODIFY `req_ID` int(11) NOT NULL AUTO_INCREMENT, AUTO_INCREMENT=12;

--
-- AUTO_INCREMENT for table `staff`
--
ALTER TABLE `staff`
  MODIFY `staff_ID` int(128) NOT NULL AUTO_INCREMENT, AUTO_INCREMENT=45;

--
-- AUTO_INCREMENT for table `staff_auth`
--
ALTER TABLE `staff_auth`
  MODIFY `auth_ID` int(128) NOT NULL AUTO_INCREMENT, AUTO_INCREMENT=34;

--
-- AUTO_INCREMENT for table `taxes`
--
ALTER TABLE `taxes`
  MODIFY `tax_ID` int(128) NOT NULL AUTO_INCREMENT, AUTO_INCREMENT=25;

--
-- AUTO_INCREMENT for table `tax_payments`
--
ALTER TABLE `tax_payments`
  MODIFY `tax_pay_ID` int(11) NOT NULL AUTO_INCREMENT, AUTO_INCREMENT=29;

--
-- Constraints for dumped tables
--

--
-- Constraints for table `appointments`
--
ALTER TABLE `appointments`
  ADD CONSTRAINT `pat_apt_id_fk` FOREIGN KEY (`pat_ID`) REFERENCES `patients` (`pat_ID`) ON DELETE CASCADE ON UPDATE CASCADE,
  ADD CONSTRAINT `service_apt_id_fk` FOREIGN KEY (`service_ID`) REFERENCES `services` (`ser_ID`) ON DELETE CASCADE ON UPDATE CASCADE,
  ADD CONSTRAINT `staff_apt_id_fk` FOREIGN KEY (`staff_ID`) REFERENCES `staff` (`staff_ID`) ON DELETE SET NULL ON UPDATE CASCADE;

--
-- Constraints for table `condition_details`
--
ALTER TABLE `condition_details`
  ADD CONSTRAINT `condition__detail_pat_id_fk` FOREIGN KEY (`pat_ID`) REFERENCES `patients` (`pat_ID`) ON DELETE CASCADE ON UPDATE CASCADE,
  ADD CONSTRAINT `condition_detail_id_fk` FOREIGN KEY (`cond_ID`) REFERENCES `conditions` (`cond_ID`) ON DELETE CASCADE ON UPDATE CASCADE;

--
-- Constraints for table `expense_detail`
--
ALTER TABLE `expense_detail`
  ADD CONSTRAINT `expense_detail_id_fk` FOREIGN KEY (`exp_ID`) REFERENCES `expenses` (`exp_ID`) ON DELETE CASCADE ON UPDATE CASCADE,
  ADD CONSTRAINT `staff_expense_id_fk` FOREIGN KEY (`purchased_by`) REFERENCES `staff` (`staff_ID`) ON DELETE CASCADE ON UPDATE CASCADE;

--
-- Constraints for table `fee_payments`
--
ALTER TABLE `fee_payments`
  ADD CONSTRAINT `appt_pf_id_fk` FOREIGN KEY (`apt_ID`) REFERENCES `appointments` (`apt_ID`) ON DELETE CASCADE ON UPDATE CASCADE,
  ADD CONSTRAINT `staff_pf_id_fk` FOREIGN KEY (`staff_ID`) REFERENCES `staff` (`staff_ID`) ON DELETE CASCADE ON UPDATE CASCADE;

--
-- Constraints for table `patients`
--
ALTER TABLE `patients`
  ADD CONSTRAINT `staff_pat_id_fk` FOREIGN KEY (`staff_ID`) REFERENCES `staff` (`staff_ID`) ON DELETE SET NULL ON UPDATE CASCADE;

--
-- Constraints for table `patient_services`
--
ALTER TABLE `patient_services`
  ADD CONSTRAINT `pat_ser_apt_id_fk` FOREIGN KEY (`apt_ID`) REFERENCES `appointments` (`apt_ID`) ON DELETE CASCADE ON UPDATE CASCADE,
  ADD CONSTRAINT `pat_ser_pat_id_fk` FOREIGN KEY (`pat_ID`) REFERENCES `patients` (`pat_ID`) ON DELETE CASCADE ON UPDATE CASCADE,
  ADD CONSTRAINT `pat_ser_ser_id_fk` FOREIGN KEY (`ser_ID`) REFERENCES `services` (`ser_ID`) ON DELETE CASCADE ON UPDATE CASCADE,
  ADD CONSTRAINT `pat_ser_ser_req_fk` FOREIGN KEY (`req_ID`) REFERENCES `service_requirements` (`req_ID`) ON DELETE CASCADE ON UPDATE CASCADE;

--
-- Constraints for table `patient_xrays`
--
ALTER TABLE `patient_xrays`
  ADD CONSTRAINT `xray_pat_id_fk` FOREIGN KEY (`pat_ID`) REFERENCES `patients` (`pat_ID`) ON DELETE CASCADE ON UPDATE CASCADE;

--
-- Constraints for table `retreatments`
--
ALTER TABLE `retreatments`
  ADD CONSTRAINT `appt_retreat_id_fk` FOREIGN KEY (`apt_ID`) REFERENCES `appointments` (`apt_ID`) ON DELETE CASCADE ON UPDATE CASCADE,
  ADD CONSTRAINT `damage_service_retreat_id_fk` FOREIGN KEY (`damage_service_ID`) REFERENCES `services` (`ser_ID`) ON DELETE CASCADE ON UPDATE CASCADE,
  ADD CONSTRAINT `help_service_retreat_id_fk` FOREIGN KEY (`help_service_ID`) REFERENCES `services` (`ser_ID`) ON DELETE CASCADE ON UPDATE CASCADE,
  ADD CONSTRAINT `pat_retreat_id_fk` FOREIGN KEY (`pat_ID`) REFERENCES `patients` (`pat_ID`) ON DELETE CASCADE ON UPDATE CASCADE,
  ADD CONSTRAINT `staff_retreat_id_fk` FOREIGN KEY (`staff_ID`) REFERENCES `staff` (`staff_ID`) ON DELETE SET NULL ON UPDATE CASCADE;

--
-- Constraints for table `staff_auth`
--
ALTER TABLE `staff_auth`
  ADD CONSTRAINT `staff_auth_id_fk` FOREIGN KEY (`staff_ID`) REFERENCES `staff` (`staff_ID`) ON DELETE CASCADE ON UPDATE CASCADE;

--
-- Constraints for table `tax_payments`
--
ALTER TABLE `tax_payments`
  ADD CONSTRAINT `staff_tax_pay_id_fk` FOREIGN KEY (`paid_by`) REFERENCES `staff` (`staff_ID`) ON DELETE CASCADE ON UPDATE CASCADE,
  ADD CONSTRAINT `taxes_pay_id_fk` FOREIGN KEY (`tax_ID`) REFERENCES `taxes` (`tax_ID`) ON DELETE CASCADE ON UPDATE CASCADE;
COMMIT;

/*!40101 SET CHARACTER_SET_CLIENT=@OLD_CHARACTER_SET_CLIENT */;
/*!40101 SET CHARACTER_SET_RESULTS=@OLD_CHARACTER_SET_RESULTS */;
/*!40101 SET COLLATION_CONNECTION=@OLD_COLLATION_CONNECTION */;
